Année;Périmètre juridique;Legal Perimeter;Périmètre spatial;Spatial Perimeter;Filiere;Sector;Energie produite;Unité;Méthode de consolidation
2023;EDF SA;EDF SA;France métropolitaine, mais sans la Corse ni les îles du Ponant;Metropolitan France, but without Corsica and the Ponant Islands;Thermique à flamme;Flame thermal;6721.0;GWh;nette
2023;EDF SA;EDF SA;France métropolitaine, mais sans la Corse ni les îles du Ponant;Metropolitan France, but without Corsica and the Ponant Islands;Nucléaire;Nuclear;320404.0;GWh;nette
2023;EDF SA;EDF SA;France métropolitaine, mais sans la Corse ni les îles du Ponant;Metropolitan France, but without Corsica and the Ponant Islands;Hydraulique;Hydraulic;38759.558;GWh;nette
2022;EDF SA;EDF SA;France métropolitaine, mais sans la Corse ni les îles du Ponant;Metropolitan France, but without Corsica and the Ponant Islands;Nucléaire;Nuclear;278960.0;GWh;nette
2022;EDF SA;EDF SA;France métropolitaine, mais sans la Corse ni les îles du Ponant;Metropolitan France, but without Corsica and the Ponant Islands;Thermique à flamme;Flame thermal;11244.0;GWh;nette
2022;EDF SA;EDF SA;France métropolitaine, mais sans la Corse ni les îles du Ponant;Metropolitan France, but without Corsica and the Ponant Islands;Hydraulique;Hydraulic;32447.454999999998;GWh;nette
2021;EDF SA;EDF SA;France métropolitaine, mais sans la Corse ni les îles du Ponant;Metropolitan France, but without Corsica and the Ponant Islands;Nucléaire;Nuclear;360704.0;GWh;nette
2021;EDF SA;EDF SA;France métropolitaine, mais sans la Corse ni les îles du Ponant;Metropolitan France, but without Corsica and the Ponant Islands;Hydraulique;Hydraulic;41803.632;GWh;nette
2021;EDF SA;EDF SA;France métropolitaine, mais sans la Corse ni les îles du Ponant;Metropolitan France, but without Corsica and the Ponant Islands;Thermique à flamme;Flame thermal;10530.0;GWh;nette
2020;EDF SA;EDF SA;France métropolitaine, mais sans la Corse ni les îles du Ponant;Metropolitan France, but without Corsica and the Ponant Islands;Thermique à flamme;Flame thermal;8852.107695833312;GWh;nette
2020;EDF SA;EDF SA;France métropolitaine, mais sans la Corse ni les îles du Ponant;Metropolitan France, but without Corsica and the Ponant Islands;Nucléaire;Nuclear;335415.02787399996;GWh;nette
2020;EDF SA;EDF SA;France métropolitaine, mais sans la Corse ni les îles du Ponant;Metropolitan France, but without Corsica and the Ponant Islands;Hydraulique;Hydraulic;44663.354;GWh;nette
2019;EDF SA;EDF SA;France métropolitaine, mais sans la Corse ni les îles du Ponant;Metropolitan France, but without Corsica and the Ponant Islands;Hydraulique;Hydraulic;39686.632;GWh;nette
2019;EDF SA;EDF SA;France métropolitaine, mais sans la Corse ni les îles du Ponant;Metropolitan France, but without Corsica and the Ponant Islands;Nucléaire;Nuclear;379463.80459783325;GWh;nette
2019;EDF SA;EDF SA;France métropolitaine, mais sans la Corse ni les îles du Ponant;Metropolitan France, but without Corsica and the Ponant Islands;Thermique à flamme;Flame thermal;9855.221860333315;GWh;nette
2018;EDF SA;EDF SA;France métropolitaine, mais sans la Corse ni les îles du Ponant;Metropolitan France, but without Corsica and the Ponant Islands;Nucléaire;Nuclear;393175.5003508334;GWh;nette
2018;EDF SA;EDF SA;France métropolitaine, mais sans la Corse ni les îles du Ponant;Metropolitan France, but without Corsica and the Ponant Islands;Thermique à flamme;Flame thermal;10953.549727666665;GWh;nette
2018;EDF SA;EDF SA;France métropolitaine, mais sans la Corse ni les îles du Ponant;Metropolitan France, but without Corsica and the Ponant Islands;Hydraulique;Hydraulic;46526.593;GWh;nette
2017;EDF SA;EDF SA;France métropolitaine, mais sans la Corse ni les îles du Ponant;Metropolitan France, but without Corsica and the Ponant Islands;Thermique à flamme;Flame thermal;16053.932092499968;GWh;nette
2017;EDF SA;EDF SA;France métropolitaine, mais sans la Corse ni les îles du Ponant;Metropolitan France, but without Corsica and the Ponant Islands;Nucléaire;Nuclear;379122.8109036667;GWh;nette
2017;EDF SA;EDF SA;France métropolitaine, mais sans la Corse ni les îles du Ponant;Metropolitan France, but without Corsica and the Ponant Islands;Hydraulique;Hydraulic;36826.37982;GWh;nette
2016;EDF SA;EDF SA;France métropolitaine, mais sans la Corse ni les îles du Ponant;Metropolitan France, but without Corsica and the Ponant Islands;Hydraulique;Hydraulic;42438.23657;GWh;nette
2016;EDF SA;EDF SA;France métropolitaine, mais sans la Corse ni les îles du Ponant;Metropolitan France, but without Corsica and the Ponant Islands;Nucléaire;Nuclear;383990.7137986668;GWh;nette
2016;EDF SA;EDF SA;France métropolitaine, mais sans la Corse ni les îles du Ponant;Metropolitan France, but without Corsica and the Ponant Islands;Thermique à flamme;Flame thermal;11906.245254833319;GWh;nette
2015;EDF SA;EDF SA;France métropolitaine, mais sans la Corse ni les îles du Ponant;Metropolitan France, but without Corsica and the Ponant Islands;Nucléaire;Nuclear;416785.6962914999;GWh;nette
2015;EDF SA;EDF SA;France métropolitaine, mais sans la Corse ni les îles du Ponant;Metropolitan France, but without Corsica and the Ponant Islands;Hydraulique;Hydraulic;38914.72154;GWh;nette
2015;EDF SA;EDF SA;France métropolitaine, mais sans la Corse ni les îles du Ponant;Metropolitan France, but without Corsica and the Ponant Islands;Thermique à flamme;Flame thermal;6805.546008000005;GWh;nette
2014;EDF SA;EDF SA;France métropolitaine, mais sans la Corse ni les îles du Ponant;Metropolitan France, but without Corsica and the Ponant Islands;Hydraulique;Hydraulic;45403.81961;GWh;nette
2014;EDF SA;EDF SA;France métropolitaine, mais sans la Corse ni les îles du Ponant;Metropolitan France, but without Corsica and the Ponant Islands;Thermique à flamme;Flame thermal;6943.999832999993;GWh;nette
2014;EDF SA;EDF SA;France métropolitaine, mais sans la Corse ni les îles du Ponant;Metropolitan France, but without Corsica and the Ponant Islands;Nucléaire;Nuclear;415844.4675313332;GWh;nette
2013;EDF SA;EDF SA;France métropolitaine, mais sans la Corse ni les îles du Ponant;Metropolitan France, but without Corsica and the Ponant Islands;Thermique à flamme;Flame thermal;15608.832966833354;GWh;nette
2013;EDF SA;EDF SA;France métropolitaine, mais sans la Corse ni les îles du Ponant;Metropolitan France, but without Corsica and the Ponant Islands;Nucléaire;Nuclear;403743.1396916665;GWh;nette
2013;EDF SA;EDF SA;France métropolitaine, mais sans la Corse ni les îles du Ponant;Metropolitan France, but without Corsica and the Ponant Islands;Hydraulique;Hydraulic;49638.47256;GWh;nette
2012;EDF SA;EDF SA;France métropolitaine, mais sans la Corse ni les îles du Ponant;Metropolitan France, but without Corsica and the Ponant Islands;Nucléaire;Nuclear;404861.119201;GWh;nette
2012;EDF SA;EDF SA;France métropolitaine, mais sans la Corse ni les îles du Ponant;Metropolitan France, but without Corsica and the Ponant Islands;Thermique à flamme;Flame thermal;14921.595000999987;GWh;nette
2012;EDF SA;EDF SA;France métropolitaine, mais sans la Corse ni les îles du Ponant;Metropolitan France, but without Corsica and the Ponant Islands;Hydraulique;Hydraulic;41256.5217700001;GWh;nette
2011;EDF SA;EDF SA;France métropolitaine, mais sans la Corse ni les îles du Ponant;Metropolitan France, but without Corsica and the Ponant Islands;Hydraulique;Hydraulic;33678.21708;GWh;nette
2011;EDF SA;EDF SA;France métropolitaine, mais sans la Corse ni les îles du Ponant;Metropolitan France, but without Corsica and the Ponant Islands;Thermique à flamme;Flame thermal;11813.414111333319;GWh;nette
2011;EDF SA;EDF SA;France métropolitaine, mais sans la Corse ni les îles du Ponant;Metropolitan France, but without Corsica and the Ponant Islands;Nucléaire;Nuclear;421118.42063383333;GWh;nette
2010;EDF SA;EDF SA;France métropolitaine, mais sans la Corse ni les îles du Ponant;Metropolitan France, but without Corsica and the Ponant Islands;Nucléaire;Nuclear;407876.00296000007;GWh;nette
2010;EDF SA;EDF SA;France métropolitaine, mais sans la Corse ni les îles du Ponant;Metropolitan France, but without Corsica and the Ponant Islands;Hydraulique;Hydraulic;45404.8231;GWh;nette
2010;EDF SA;EDF SA;France métropolitaine, mais sans la Corse ni les îles du Ponant;Metropolitan France, but without Corsica and the Ponant Islands;Thermique à flamme;Flame thermal;16878.505706222215;GWh;nette
2009;EDF SA;EDF SA;France métropolitaine, mais sans la Corse ni les îles du Ponant;Metropolitan France, but without Corsica and the Ponant Islands;Thermique à flamme;Flame thermal;15975.655719666662;GWh;nette
2009;EDF SA;EDF SA;France métropolitaine, mais sans la Corse ni les îles du Ponant;Metropolitan France, but without Corsica and the Ponant Islands;Nucléaire;Nuclear;389777.8574663334;GWh;nette
2009;EDF SA;EDF SA;France métropolitaine, mais sans la Corse ni les îles du Ponant;Metropolitan France, but without Corsica and the Ponant Islands;Hydraulique;Hydraulic;41927.90035;GWh;nette
2008;EDF SA;EDF SA;France métropolitaine, mais sans la Corse ni les îles du Ponant;Metropolitan France, but without Corsica and the Ponant Islands;Thermique à flamme;Flame thermal;15792.357663500012;GWh;nette
2008;EDF SA;EDF SA;France métropolitaine, mais sans la Corse ni les îles du Ponant;Metropolitan France, but without Corsica and the Ponant Islands;Hydraulique;Hydraulic;44926.30226;GWh;nette
2008;EDF SA;EDF SA;France métropolitaine, mais sans la Corse ni les îles du Ponant;Metropolitan France, but without Corsica and the Ponant Islands;Nucléaire;Nuclear;417628.72186683334;GWh;nette
2007;EDF SA;EDF SA;France métropolitaine, mais sans la Corse ni les îles du Ponant;Metropolitan France, but without Corsica and the Ponant Islands;Thermique à flamme;Flame thermal;18243.864912166657;GWh;nette
2007;EDF SA;EDF SA;France métropolitaine, mais sans la Corse ni les îles du Ponant;Metropolitan France, but without Corsica and the Ponant Islands;Hydraulique;Hydraulic;41235.65274;GWh;nette
2007;EDF SA;EDF SA;France métropolitaine, mais sans la Corse ni les îles du Ponant;Metropolitan France, but without Corsica and the Ponant Islands;Nucléaire;Nuclear;418065.4623613335;GWh;nette
2006;EDF SA;EDF SA;France métropolitaine, mais sans la Corse ni les îles du Ponant;Metropolitan France, but without Corsica and the Ponant Islands;Thermique à flamme;Flame thermal;16881.758688333353;GWh;nette
2006;EDF SA;EDF SA;France métropolitaine, mais sans la Corse ni les îles du Ponant;Metropolitan France, but without Corsica and the Ponant Islands;Hydraulique;Hydraulic;40243.2537;GWh;nette
2006;EDF SA;EDF SA;France métropolitaine, mais sans la Corse ni les îles du Ponant;Metropolitan France, but without Corsica and the Ponant Islands;Nucléaire;Nuclear;428121.90327999985;GWh;nette
2005;EDF SA;EDF SA;France métropolitaine, mais sans la Corse ni les îles du Ponant;Metropolitan France, but without Corsica and the Ponant Islands;Thermique à flamme;Flame thermal;21195.9274130001;GWh;nette
2005;EDF SA;EDF SA;France métropolitaine, mais sans la Corse ni les îles du Ponant;Metropolitan France, but without Corsica and the Ponant Islands;Nucléaire;Nuclear;429210.0170680002;GWh;nette
2005;EDF SA;EDF SA;France métropolitaine, mais sans la Corse ni les îles du Ponant;Metropolitan France, but without Corsica and the Ponant Islands;Hydraulique;Hydraulic;37532.84677;GWh;nette
2004;EDF SA;EDF SA;France métropolitaine, mais sans la Corse ni les îles du Ponant;Metropolitan France, but without Corsica and the Ponant Islands;Thermique à flamme;Flame thermal;16475.018948000077;GWh;nette
2004;EDF SA;EDF SA;France métropolitaine, mais sans la Corse ni les îles du Ponant;Metropolitan France, but without Corsica and the Ponant Islands;Nucléaire;Nuclear;426271.5578593333;GWh;nette
2004;EDF SA;EDF SA;France métropolitaine, mais sans la Corse ni les îles du Ponant;Metropolitan France, but without Corsica and the Ponant Islands;Hydraulique;Hydraulic;43929.7972;GWh;nette
2003;EDF EPIC;EDF EPIC;France métropolitaine, mais sans la Corse ni les îles du Ponant;Metropolitan France, but without Corsica and the Ponant Islands;Nucléaire;Nuclear;420650.469;GWh;nette
2003;EDF EPIC;EDF EPIC;France métropolitaine, mais sans la Corse ni les îles du Ponant;Metropolitan France, but without Corsica and the Ponant Islands;Thermique à flamme;Flame thermal;19159.683;GWh;nette
2003;EDF EPIC;EDF EPIC;France métropolitaine, mais sans la Corse ni les îles du Ponant;Metropolitan France, but without Corsica and the Ponant Islands;Hydraulique;Hydraulic;44135.05616;GWh;nette
2002;EDF EPIC;EDF EPIC;France métropolitaine, mais sans la Corse ni les îles du Ponant;Metropolitan France, but without Corsica and the Ponant Islands;Thermique à flamme;Flame thermal;19610.3;GWh;nette
2002;EDF EPIC;EDF EPIC;France métropolitaine, mais sans la Corse ni les îles du Ponant;Metropolitan France, but without Corsica and the Ponant Islands;Nucléaire;Nuclear;416499.003;GWh;nette
2002;EDF EPIC;EDF EPIC;France métropolitaine, mais sans la Corse ni les îles du Ponant;Metropolitan France, but without Corsica and the Ponant Islands;Hydraulique;Hydraulic;43806.69442;GWh;nette
2001;EDF EPIC;EDF EPIC;France métropolitaine, mais sans la Corse ni les îles du Ponant;Metropolitan France, but without Corsica and the Ponant Islands;Hydraulique;Hydraulic;54222.19358;GWh;nette
2001;EDF EPIC;EDF EPIC;France métropolitaine, mais sans la Corse ni les îles du Ponant;Metropolitan France, but without Corsica and the Ponant Islands;Thermique à flamme;Flame thermal;15006.724;GWh;nette
2001;EDF EPIC;EDF EPIC;France métropolitaine, mais sans la Corse ni les îles du Ponant;Metropolitan France, but without Corsica and the Ponant Islands;Nucléaire;Nuclear;401256.432;GWh;nette
2000;EDF EPIC;EDF EPIC;France métropolitaine, mais sans la Corse ni les îles du Ponant;Metropolitan France, but without Corsica and the Ponant Islands;Nucléaire;Nuclear;395199.555;GWh;nette
2000;EDF EPIC + SHEM + CNR;EDF EPIC + SHEM + CNR;France métropolitaine, mais sans la Corse ni les îles du Ponant;Metropolitan France, but without Corsica and the Ponant Islands;Hydraulique;Hydraulic;64314.52797;GWh;nette
2000;EDF EPIC;EDF EPIC;France métropolitaine, mais sans la Corse ni les îles du Ponant;Metropolitan France, but without Corsica and the Ponant Islands;Thermique à flamme;Flame thermal;20944.409;GWh;nette
1999;EDF EPIC;EDF EPIC;France métropolitaine, mais sans la Corse ni les îles du Ponant;Metropolitan France, but without Corsica and the Ponant Islands;Nucléaire;Nuclear;374943.131;GWh;nette
1999;EDF EPIC;EDF EPIC;France métropolitaine, mais sans la Corse ni les îles du Ponant;Metropolitan France, but without Corsica and the Ponant Islands;Thermique à flamme;Flame thermal;24003.532;GWh;nette
1999;EDF EPIC + SHEM + CNR;EDF EPIC + SHEM + CNR;France métropolitaine, mais sans la Corse ni les îles du Ponant;Metropolitan France, but without Corsica and the Ponant Islands;Hydraulique;Hydraulic;68987.362;GWh;nette
1998;EDF EPIC;EDF EPIC;France métropolitaine, mais sans la Corse ni les îles du Ponant;Metropolitan France, but without Corsica and the Ponant Islands;Nucléaire;Nuclear;368117.9;GWh;nette
1998;EDF EPIC;EDF EPIC;France métropolitaine, mais sans la Corse ni les îles du Ponant;Metropolitan France, but without Corsica and the Ponant Islands;Thermique à flamme;Flame thermal;29000.4;GWh;nette
1998;EDF EPIC + SHEM + CNR;EDF EPIC + SHEM + CNR;France métropolitaine, mais sans la Corse ni les îles du Ponant;Metropolitan France, but without Corsica and the Ponant Islands;Hydraulique;Hydraulic;59802.971999999994;GWh;nette
1997;EDF EPIC;EDF EPIC;France métropolitaine, mais sans la Corse ni les îles du Ponant;Metropolitan France, but without Corsica and the Ponant Islands;Nucléaire;Nuclear;375991.156;GWh;nette
1997;EDF EPIC;EDF EPIC;France métropolitaine, mais sans la Corse ni les îles du Ponant;Metropolitan France, but without Corsica and the Ponant Islands;Thermique à flamme;Flame thermal;15555.205;GWh;nette
1997;EDF EPIC + SHEM + CNR;EDF EPIC + SHEM + CNR;France métropolitaine, mais sans la Corse ni les îles du Ponant;Metropolitan France, but without Corsica and the Ponant Islands;Hydraulique;Hydraulic;61669.027;GWh;nette
1996;EDF EPIC;EDF EPIC;France métropolitaine, mais sans la Corse ni les îles du Ponant;Metropolitan France, but without Corsica and the Ponant Islands;Thermique à flamme;Flame thermal;20626.314;GWh;nette
1996;EDF EPIC;EDF EPIC;France métropolitaine, mais sans la Corse ni les îles du Ponant;Metropolitan France, but without Corsica and the Ponant Islands;Nucléaire;Nuclear;374877.905;GWh;nette
1996;EDF EPIC + SHEM + CNR;EDF EPIC + SHEM + CNR;France métropolitaine, mais sans la Corse ni les îles du Ponant;Metropolitan France, but without Corsica and the Ponant Islands;Hydraulique;Hydraulic;63738.61;GWh;nette
1995;EDF EPIC;EDF EPIC;France métropolitaine, mais sans la Corse ni les îles du Ponant;Metropolitan France, but without Corsica and the Ponant Islands;Nucléaire;Nuclear;358337.278;GWh;nette
1995;EDF EPIC;EDF EPIC;France métropolitaine, mais sans la Corse ni les îles du Ponant;Metropolitan France, but without Corsica and the Ponant Islands;Thermique à flamme;Flame thermal;16080.664;GWh;nette
1995;EDF EPIC + SHEM + CNR;EDF EPIC + SHEM + CNR;France métropolitaine, mais sans la Corse ni les îles du Ponant;Metropolitan France, but without Corsica and the Ponant Islands;Hydraulique;Hydraulic;69458.954;GWh;nette
1994;EDF EPIC;EDF EPIC;France métropolitaine, mais sans la Corse ni les îles du Ponant;Metropolitan France, but without Corsica and the Ponant Islands;Nucléaire;Nuclear;340156.135;GWh;nette
1994;EDF EPIC;EDF EPIC;France métropolitaine, mais sans la Corse ni les îles du Ponant;Metropolitan France, but without Corsica and the Ponant Islands;Thermique à flamme;Flame thermal;12430.035;GWh;nette
1994;EDF EPIC + SHEM + CNR;EDF EPIC + SHEM + CNR;France métropolitaine, mais sans la Corse ni les îles du Ponant;Metropolitan France, but without Corsica and the Ponant Islands;Hydraulique;Hydraulic;74132.88;GWh;nette
1993;EDF EPIC;EDF EPIC;France métropolitaine, mais sans la Corse ni les îles du Ponant;Metropolitan France, but without Corsica and the Ponant Islands;Nucléaire;Nuclear;348467.372;GWh;nette
1993;EDF EPIC + SHEM + CNR;EDF EPIC + SHEM + CNR;France métropolitaine, mais sans la Corse ni les îles du Ponant;Metropolitan France, but without Corsica and the Ponant Islands;Hydraulique;Hydraulic;62106.248999999996;GWh;nette
1993;EDF EPIC;EDF EPIC;France métropolitaine, mais sans la Corse ni les îles du Ponant;Metropolitan France, but without Corsica and the Ponant Islands;Thermique à flamme;Flame thermal;11880.192;GWh;nette
1992;EDF EPIC;EDF EPIC;France métropolitaine, mais sans la Corse ni les îles du Ponant;Metropolitan France, but without Corsica and the Ponant Islands;Nucléaire;Nuclear;319338.663;GWh;nette
1992;EDF EPIC + SHEM + CNR;EDF EPIC + SHEM + CNR;France métropolitaine, mais sans la Corse ni les îles du Ponant;Metropolitan France, but without Corsica and the Ponant Islands;Hydraulique;Hydraulic;66472.954;GWh;nette
1992;EDF EPIC;EDF EPIC;France métropolitaine, mais sans la Corse ni les îles du Ponant;Metropolitan France, but without Corsica and the Ponant Islands;Thermique à flamme;Flame thermal;29842.909;GWh;nette
1991;EDF EPIC;EDF EPIC;France métropolitaine, mais sans la Corse ni les îles du Ponant;Metropolitan France, but without Corsica and the Ponant Islands;Nucléaire;Nuclear;309868.835;GWh;nette
1991;EDF EPIC + SHEM + CNR;EDF EPIC + SHEM + CNR;France métropolitaine, mais sans la Corse ni les îles du Ponant;Metropolitan France, but without Corsica and the Ponant Islands;Hydraulique;Hydraulic;56217.651;GWh;nette
1991;EDF EPIC;EDF EPIC;France métropolitaine, mais sans la Corse ni les îles du Ponant;Metropolitan France, but without Corsica and the Ponant Islands;Thermique à flamme;Flame thermal;37008.34;GWh;nette
1990;EDF EPIC + SHEM + CNR;EDF EPIC + SHEM + CNR;France métropolitaine, mais sans la Corse ni les îles du Ponant;Metropolitan France, but without Corsica and the Ponant Islands;Hydraulique;Hydraulic;52639.677;GWh;nette
1990;EDF EPIC;EDF EPIC;France métropolitaine, mais sans la Corse ni les îles du Ponant;Metropolitan France, but without Corsica and the Ponant Islands;Nucléaire;Nuclear;289903.518;GWh;nette
1990;EDF EPIC;EDF EPIC;France métropolitaine, mais sans la Corse ni les îles du Ponant;Metropolitan France, but without Corsica and the Ponant Islands;Thermique à flamme;Flame thermal;24593.236;GWh;nette
1989;EDF EPIC;EDF EPIC;France métropolitaine, mais sans la Corse ni les îles du Ponant;Metropolitan France, but without Corsica and the Ponant Islands;Thermique à flamme;Flame thermal;26019.681;GWh;nette
1989;EDF EPIC + SHEM + CNR;EDF EPIC + SHEM + CNR;France métropolitaine, mais sans la Corse ni les îles du Ponant;Metropolitan France, but without Corsica and the Ponant Islands;Hydraulique;Hydraulic;46297.812;GWh;nette
1989;EDF EPIC;EDF EPIC;France métropolitaine, mais sans la Corse ni les îles du Ponant;Metropolitan France, but without Corsica and the Ponant Islands;Nucléaire;Nuclear;278856.553;GWh;nette
1988;EDF EPIC;EDF EPIC;France métropolitaine, mais sans la Corse ni les îles du Ponant;Metropolitan France, but without Corsica and the Ponant Islands;Nucléaire;Nuclear;260067.873;GWh;nette
1988;EDF EPIC;EDF EPIC;France métropolitaine, mais sans la Corse ni les îles du Ponant;Metropolitan France, but without Corsica and the Ponant Islands;Thermique à flamme;Flame thermal;12835.917;GWh;nette
1988;EDF EPIC + SHEM + CNR;EDF EPIC + SHEM + CNR;France métropolitaine, mais sans la Corse ni les îles du Ponant;Metropolitan France, but without Corsica and the Ponant Islands;Hydraulique;Hydraulic;72761.65;GWh;nette
1987;EDF EPIC;EDF EPIC;France métropolitaine, mais sans la Corse ni les îles du Ponant;Metropolitan France, but without Corsica and the Ponant Islands;Nucléaire;Nuclear;251298.983;GWh;nette
1987;EDF EPIC;EDF EPIC;France métropolitaine, mais sans la Corse ni les îles du Ponant;Metropolitan France, but without Corsica and the Ponant Islands;Thermique à flamme;Flame thermal;12392.382;GWh;nette
1987;EDF EPIC + SHEM + CNR;EDF EPIC + SHEM + CNR;France métropolitaine, mais sans la Corse ni les îles du Ponant;Metropolitan France, but without Corsica and the Ponant Islands;Hydraulique;Hydraulic;65964.97099999999;GWh;nette
1986;EDF EPIC;EDF EPIC;France métropolitaine, mais sans la Corse ni les îles du Ponant;Metropolitan France, but without Corsica and the Ponant Islands;Thermique à flamme;Flame thermal;16355.797;GWh;nette
1986;Exploitation EDF : EDF EPIC + SHEM + CNR + Autres;Under operation EDF : EDF EPIC + SHEM + CNR + Others;France métropolitaine;Metropolitan France;Hydraulique;Hydraulic;59315.0;GWh;nette
1986;EDF EPIC;EDF EPIC;France métropolitaine, mais sans la Corse ni les îles du Ponant;Metropolitan France, but without Corsica and the Ponant Islands;Nucléaire;Nuclear;241109.563;GWh;nette
1985;EDF EPIC;EDF EPIC;France métropolitaine, mais sans la Corse ni les îles du Ponant;Metropolitan France, but without Corsica and the Ponant Islands;Nucléaire;Nuclear;213083.253;GWh;nette
1985;EDF EPIC;EDF EPIC;France métropolitaine, mais sans la Corse ni les îles du Ponant;Metropolitan France, but without Corsica and the Ponant Islands;Thermique à flamme;Flame thermal;27741.444;GWh;nette
1985;Exploitation EDF : EDF EPIC + SHEM + CNR + Autres;Under operation EDF : EDF EPIC + SHEM + CNR + Others;France métropolitaine;Metropolitan France;Hydraulique;Hydraulic;58296.0;GWh;nette
1984;EDF EPIC;EDF EPIC;France métropolitaine, mais sans la Corse ni les îles du Ponant;Metropolitan France, but without Corsica and the Ponant Islands;Nucléaire;Nuclear;181555.052;GWh;nette
1984;EDF EPIC;EDF EPIC;France métropolitaine, mais sans la Corse ni les îles du Ponant;Metropolitan France, but without Corsica and the Ponant Islands;Thermique à flamme;Flame thermal;35333.852;GWh;nette
1984;Exploitation EDF : EDF EPIC + SHEM + CNR + Autres;Under operation EDF : EDF EPIC + SHEM + CNR + Others;France métropolitaine;Metropolitan France;Hydraulique;Hydraulic;61862.0;GWh;nette
1983;Exploitation EDF : EDF EPIC + SHEM + CNR + Autres;Under operation EDF : EDF EPIC + SHEM + CNR + Others;France métropolitaine;Metropolitan France;Hydraulique;Hydraulic;65356.0;GWh;nette
1983;EDF EPIC;EDF EPIC;France métropolitaine, mais sans la Corse ni les îles du Ponant;Metropolitan France, but without Corsica and the Ponant Islands;Nucléaire;Nuclear;136678.416;GWh;nette
1983;EDF EPIC;EDF EPIC;France métropolitaine, mais sans la Corse ni les îles du Ponant;Metropolitan France, but without Corsica and the Ponant Islands;Thermique à flamme;Flame thermal;50754.851;GWh;nette
1982;EDF EPIC;EDF EPIC;France métropolitaine, mais sans la Corse ni les îles du Ponant;Metropolitan France, but without Corsica and the Ponant Islands;Nucléaire;Nuclear;102837.861;GWh;nette
1982;EDF EPIC;EDF EPIC;France métropolitaine, mais sans la Corse ni les îles du Ponant;Metropolitan France, but without Corsica and the Ponant Islands;Thermique à flamme;Flame thermal;66600.978;GWh;nette
1982;Exploitation EDF : EDF EPIC + SHEM + CNR + Autres;Under operation EDF : EDF EPIC + SHEM + CNR + Others;France métropolitaine;Metropolitan France;Hydraulique;Hydraulic;65320.0;GWh;nette
1981;EDF EPIC;EDF EPIC;France métropolitaine, mais sans la Corse ni les îles du Ponant;Metropolitan France, but without Corsica and the Ponant Islands;Nucléaire;Nuclear;99168.203;GWh;nette
1981;Exploitation EDF : EDF EPIC + SHEM + CNR + Autres;Under operation EDF : EDF EPIC + SHEM + CNR + Others;France métropolitaine;Metropolitan France;Hydraulique;Hydraulic;66888.0;GWh;nette
1981;EDF EPIC;EDF EPIC;France métropolitaine, mais sans la Corse ni les îles du Ponant;Metropolitan France, but without Corsica and the Ponant Islands;Thermique à flamme;Flame thermal;67706.302;GWh;nette
1980;EDF EPIC;EDF EPIC;France métropolitaine, mais sans la Corse ni les îles du Ponant;Metropolitan France, but without Corsica and the Ponant Islands;Nucléaire;Nuclear;57497.091;GWh;nette
1980;EDF EPIC;EDF EPIC;France métropolitaine, mais sans la Corse ni les îles du Ponant;Metropolitan France, but without Corsica and the Ponant Islands;Thermique à flamme;Flame thermal;90078.48;GWh;nette
1980;Exploitation EDF : EDF EPIC + SHEM + CNR + Autres;Under operation EDF : EDF EPIC + SHEM + CNR + Others;France métropolitaine;Metropolitan France;Hydraulique;Hydraulic;64393.0;GWh;nette
1979;EDF EPIC;EDF EPIC;France métropolitaine, mais sans la Corse ni les îles du Ponant;Metropolitan France, but without Corsica and the Ponant Islands;Thermique à flamme;Flame thermal;94820.284;GWh;nette
1979;EDF EPIC;EDF EPIC;France métropolitaine, mais sans la Corse ni les îles du Ponant;Metropolitan France, but without Corsica and the Ponant Islands;Nucléaire;Nuclear;37439.436;GWh;nette
1979;Exploitation EDF : EDF EPIC + SHEM + CNR + Autres;Under operation EDF : EDF EPIC + SHEM + CNR + Others;France métropolitaine;Metropolitan France;Hydraulique;Hydraulic;61688.0;GWh;nette
1978;EDF EPIC;EDF EPIC;France métropolitaine, mais sans la Corse ni les îles du Ponant;Metropolitan France, but without Corsica and the Ponant Islands;Nucléaire;Nuclear;28638.886;GWh;nette
1978;EDF EPIC;EDF EPIC;France métropolitaine, mais sans la Corse ni les îles du Ponant;Metropolitan France, but without Corsica and the Ponant Islands;Thermique à flamme;Flame thermal;91378.45;GWh;nette
1978;Exploitation EDF : EDF EPIC + SHEM + CNR + Autres;Under operation EDF : EDF EPIC + SHEM + CNR + Others;France métropolitaine;Metropolitan France;Hydraulique;Hydraulic;63568.0;GWh;nette
1977;EDF EPIC;EDF EPIC;France métropolitaine, mais sans la Corse ni les îles du Ponant;Metropolitan France, but without Corsica and the Ponant Islands;Nucléaire;Nuclear;16497.713;GWh;nette
1977;EDF EPIC;EDF EPIC;France métropolitaine, mais sans la Corse ni les îles du Ponant;Metropolitan France, but without Corsica and the Ponant Islands;Thermique à flamme;Flame thermal;81777.689;GWh;nette
1977;Exploitation EDF : EDF EPIC + SHEM + CNR + Autres;Under operation EDF : EDF EPIC + SHEM + CNR + Others;France métropolitaine;Metropolitan France;Hydraulique;Hydraulic;71097.0;GWh;nette
1976;EDF EPIC;EDF EPIC;France métropolitaine, mais sans la Corse ni les îles du Ponant;Metropolitan France, but without Corsica and the Ponant Islands;Nucléaire;Nuclear;14461.02;GWh;nette
1976;EDF EPIC;EDF EPIC;France métropolitaine, mais sans la Corse ni les îles du Ponant;Metropolitan France, but without Corsica and the Ponant Islands;Thermique à flamme;Flame thermal;100223.136;GWh;nette
1976;Exploitation EDF : EDF EPIC + SHEM + CNR + Autres;Under operation EDF : EDF EPIC + SHEM + CNR + Others;France métropolitaine;Metropolitan France;Hydraulique;Hydraulic;45005.0;GWh;nette
1975;Exploitation EDF : EDF EPIC + SHEM + CNR + Autres;Under operation EDF : EDF EPIC + SHEM + CNR + Others;France métropolitaine;Metropolitan France;Hydraulique;Hydraulic;55507.0;GWh;nette
1975;EDF EPIC;EDF EPIC;France métropolitaine, mais sans la Corse ni les îles du Ponant;Metropolitan France, but without Corsica and the Ponant Islands;Nucléaire;Nuclear;16918.634;GWh;nette
1975;EDF EPIC;EDF EPIC;France métropolitaine, mais sans la Corse ni les îles du Ponant;Metropolitan France, but without Corsica and the Ponant Islands;Thermique à flamme;Flame thermal;76978.539;GWh;nette
1974;EDF EPIC;EDF EPIC;France métropolitaine, mais sans la Corse ni les îles du Ponant;Metropolitan France, but without Corsica and the Ponant Islands;Nucléaire;Nuclear;13406.405;GWh;nette
1974;EDF EPIC;EDF EPIC;France métropolitaine, mais sans la Corse ni les îles du Ponant;Metropolitan France, but without Corsica and the Ponant Islands;Thermique à flamme;Flame thermal;80397.801;GWh;nette
1974;Exploitation EDF : EDF EPIC + SHEM + CNR + Autres;Under operation EDF : EDF EPIC + SHEM + CNR + Others;France métropolitaine;Metropolitan France;Hydraulique;Hydraulic;52995.0;GWh;nette
1973;EDF EPIC;EDF EPIC;France métropolitaine, mais sans la Corse ni les îles du Ponant;Metropolitan France, but without Corsica and the Ponant Islands;Thermique à flamme;Flame thermal;81632.52;GWh;nette
1973;EDF EPIC;EDF EPIC;France métropolitaine, mais sans la Corse ni les îles du Ponant;Metropolitan France, but without Corsica and the Ponant Islands;Nucléaire;Nuclear;13297.704;GWh;nette
1973;Exploitation EDF : EDF EPIC + SHEM + CNR + Autres;Under operation EDF : EDF EPIC + SHEM + CNR + Others;France métropolitaine;Metropolitan France;Hydraulique;Hydraulic;44464.0;GWh;nette
1972;EDF EPIC;EDF EPIC;France métropolitaine, mais sans la Corse ni les îles du Ponant;Metropolitan France, but without Corsica and the Ponant Islands;Thermique à flamme;Flame thermal;73720.725;GWh;nette
1972;Exploitation EDF : EDF EPIC + SHEM + CNR + Autres;Under operation EDF : EDF EPIC + SHEM + CNR + Others;France métropolitaine;Metropolitan France;Hydraulique;Hydraulic;45263.0;GWh;nette
1972;EDF EPIC;EDF EPIC;France métropolitaine, mais sans la Corse ni les îles du Ponant;Metropolitan France, but without Corsica and the Ponant Islands;Nucléaire;Nuclear;12909.203;GWh;nette
1971;EDF EPIC;EDF EPIC;France métropolitaine, mais sans la Corse ni les îles du Ponant;Metropolitan France, but without Corsica and the Ponant Islands;Thermique à flamme;Flame thermal;61814.757;GWh;nette
1971;EDF EPIC;EDF EPIC;France métropolitaine, mais sans la Corse ni les îles du Ponant;Metropolitan France, but without Corsica and the Ponant Islands;Nucléaire;Nuclear;7878.662;GWh;nette
1971;Exploitation EDF : EDF EPIC + SHEM + CNR + Autres;Under operation EDF : EDF EPIC + SHEM + CNR + Others;France métropolitaine;Metropolitan France;Hydraulique;Hydraulic;45454.0;GWh;nette
1970;Exploitation EDF : EDF EPIC + SHEM + CNR + Autres;Under operation EDF : EDF EPIC + SHEM + CNR + Others;France métropolitaine;Metropolitan France;Hydraulique;Hydraulic;52971.0;GWh;nette
1970;EDF EPIC;EDF EPIC;France métropolitaine, mais sans la Corse ni les îles du Ponant;Metropolitan France, but without Corsica and the Ponant Islands;Nucléaire;Nuclear;4107.847;GWh;nette
1970;EDF EPIC;EDF EPIC;France métropolitaine, mais sans la Corse ni les îles du Ponant;Metropolitan France, but without Corsica and the Ponant Islands;Thermique à flamme;Flame thermal;51988.312;GWh;nette
1969;Exploitation EDF : EDF EPIC + Autres;Under operation EDF : EDF EPIC + Others;France métropolitaine;Metropolitan France;Thermique à flamme;Flame thermal;51892.0;GWh;nette
1969;EDF EPIC;EDF EPIC;France métropolitaine, mais sans la Corse ni les îles du Ponant;Metropolitan France, but without Corsica and the Ponant Islands;Nucléaire;Nuclear;3448.753;GWh;nette
1969;Exploitation EDF : EDF EPIC + SHEM + CNR + Autres;Under operation EDF : EDF EPIC + SHEM + CNR + Others;France métropolitaine;Metropolitan France;Hydraulique;Hydraulic;49289.0;GWh;nette
1968;EDF EPIC;EDF EPIC;France métropolitaine, mais sans la Corse ni les îles du Ponant;Metropolitan France, but without Corsica and the Ponant Islands;Nucléaire;Nuclear;2269.771;GWh;nette
1968;Exploitation EDF : EDF EPIC + Autres;Under operation EDF : EDF EPIC + Others;France métropolitaine;Metropolitan France;Thermique à flamme;Flame thermal;43541.0;GWh;nette
1968;Exploitation EDF : EDF EPIC + SHEM + CNR + Autres;Under operation EDF : EDF EPIC + SHEM + CNR + Others;France métropolitaine;Metropolitan France;Hydraulique;Hydraulic;46792.0;GWh;nette
1967;Exploitation EDF : EDF EPIC + Autres;Under operation EDF : EDF EPIC + Others;France métropolitaine;Metropolitan France;Thermique à flamme;Flame thermal;42009.0;GWh;nette
1967;Exploitation EDF : EDF EPIC + SHEM + CNR + Autres;Under operation EDF : EDF EPIC + SHEM + CNR + Others;France métropolitaine;Metropolitan France;Hydraulique;Hydraulic;41831.0;GWh;nette
1967;EDF EPIC;EDF EPIC;France métropolitaine, mais sans la Corse ni les îles du Ponant;Metropolitan France, but without Corsica and the Ponant Islands;Nucléaire;Nuclear;1771.245;GWh;nette
1966;EDF EPIC;EDF EPIC;France métropolitaine, mais sans la Corse ni les îles du Ponant;Metropolitan France, but without Corsica and the Ponant Islands;Nucléaire;Nuclear;500.278;GWh;nette
1966;Exploitation EDF : EDF EPIC + SHEM + CNR + Autres;Under operation EDF : EDF EPIC + SHEM + CNR + Others;France métropolitaine;Metropolitan France;Hydraulique;Hydraulic;48033.0;GWh;nette
1966;Exploitation EDF : EDF EPIC + Autres;Under operation EDF : EDF EPIC + Others;France métropolitaine;Metropolitan France;Thermique à flamme;Flame thermal;32873.0;GWh;nette
1965;Exploitation EDF : EDF EPIC + Autres;Under operation EDF : EDF EPIC + Others;France métropolitaine;Metropolitan France;Thermique à flamme;Flame thermal;32383.0;GWh;nette
1965;EDF EPIC;EDF EPIC;France métropolitaine, mais sans la Corse ni les îles du Ponant;Metropolitan France, but without Corsica and the Ponant Islands;Nucléaire;Nuclear;214.94;GWh;nette
1965;Exploitation EDF : EDF EPIC + SHEM + CNR + Autres;Under operation EDF : EDF EPIC + SHEM + CNR + Others;France métropolitaine;Metropolitan France;Hydraulique;Hydraulic;42978.0;GWh;nette
1964;Exploitation EDF : EDF EPIC + SHEM + CNR + Autres;Under operation EDF : EDF EPIC + SHEM + CNR + Others;France métropolitaine;Metropolitan France;Hydraulique;Hydraulic;32243.0;GWh;nette
1964;Exploitation EDF : EDF EPIC + Autres;Under operation EDF : EDF EPIC + Others;France métropolitaine;Metropolitan France;Thermique à flamme;Flame thermal;34392.0;GWh;nette
1963;Exploitation EDF : EDF EPIC + SHEM + CNR + Autres;Under operation EDF : EDF EPIC + SHEM + CNR + Others;France métropolitaine;Metropolitan France;Hydraulique;Hydraulic;40365.0;GWh;nette
1963;Exploitation EDF : EDF EPIC + Autres;Under operation EDF : EDF EPIC + Others;France métropolitaine;Metropolitan France;Thermique à flamme;Flame thermal;24615.0;GWh;nette
1962;Exploitation EDF : EDF EPIC + Autres;Under operation EDF : EDF EPIC + Others;France métropolitaine;Metropolitan France;Thermique à flamme;Flame thermal;25738.0;GWh;nette
1962;Exploitation EDF : EDF EPIC + SHEM + CNR + Autres;Under operation EDF : EDF EPIC + SHEM + CNR + Others;France métropolitaine;Metropolitan France;Hydraulique;Hydraulic;32974.0;GWh;nette
1961;Exploitation EDF : EDF EPIC + Autres;Under operation EDF : EDF EPIC + Others;France métropolitaine;Metropolitan France;Thermique à flamme;Flame thermal;18778.0;GWh;nette
1961;Exploitation EDF : EDF EPIC + SHEM + CNR + Autres;Under operation EDF : EDF EPIC + SHEM + CNR + Others;France métropolitaine;Metropolitan France;Hydraulique;Hydraulic;35091.0;GWh;nette
1960;Exploitation EDF : EDF EPIC + SHEM + CNR + Autres;Under operation EDF : EDF EPIC + SHEM + CNR + Others;France métropolitaine;Metropolitan France;Hydraulique;Hydraulic;37122.0;GWh;nette
1960;Exploitation EDF : EDF EPIC + Autres;Under operation EDF : EDF EPIC + Others;France métropolitaine;Metropolitan France;Thermique à flamme;Flame thermal;14648.0;GWh;nette
1959;Exploitation EDF : EDF EPIC + Autres;Under operation EDF : EDF EPIC + Others;France métropolitaine;Metropolitan France;Thermique à flamme;Flame thermal;14989.0;GWh;nette
1959;Exploitation EDF : EDF EPIC + SHEM + CNR + Autres;Under operation EDF : EDF EPIC + SHEM + CNR + Others;France métropolitaine;Metropolitan France;Hydraulique;Hydraulic;29705.0;GWh;nette
1958;Exploitation EDF : EDF EPIC + Autres;Under operation EDF : EDF EPIC + Others;France métropolitaine;Metropolitan France;Thermique à flamme;Flame thermal;12454.0;GWh;nette
1958;Exploitation EDF : EDF EPIC + SHEM + CNR + Autres;Under operation EDF : EDF EPIC + SHEM + CNR + Others;France métropolitaine;Metropolitan France;Hydraulique;Hydraulic;29450.0;GWh;nette
1957;Exploitation EDF : EDF EPIC + Autres;Under operation EDF : EDF EPIC + Others;France métropolitaine;Metropolitan France;Thermique à flamme;Flame thermal;14093.0;GWh;nette
1957;Exploitation EDF : EDF EPIC + SHEM + CNR + Autres;Under operation EDF : EDF EPIC + SHEM + CNR + Others;France métropolitaine;Metropolitan France;Hydraulique;Hydraulic;22550.0;GWh;nette
1956;Exploitation EDF : EDF EPIC + Autres;Under operation EDF : EDF EPIC + Others;France métropolitaine;Metropolitan France;Thermique à flamme;Flame thermal;10672.0;GWh;nette
1956;Exploitation EDF : EDF EPIC + SHEM + CNR + Autres;Under operation EDF : EDF EPIC + SHEM + CNR + Others;France métropolitaine;Metropolitan France;Hydraulique;Hydraulic;23354.0;GWh;nette
1955;Exploitation EDF : EDF EPIC + Autres;Under operation EDF : EDF EPIC + Others;France métropolitaine;Metropolitan France;Thermique à flamme;Flame thermal;8732.0;GWh;nette
1955;Exploitation EDF : EDF EPIC + SHEM + CNR + Autres;Under operation EDF : EDF EPIC + SHEM + CNR + Others;France métropolitaine;Metropolitan France;Hydraulique;Hydraulic;23321.0;GWh;nette
1954;Exploitation EDF : EDF EPIC + SHEM + CNR + Autres;Under operation EDF : EDF EPIC + SHEM + CNR + Others;France métropolitaine;Metropolitan France;Hydraulique;Hydraulic;21942.0;GWh;nette
1954;Exploitation EDF : EDF EPIC + Autres;Under operation EDF : EDF EPIC + Others;France métropolitaine;Metropolitan France;Thermique à flamme;Flame thermal;7983.0;GWh;nette
1953;Exploitation EDF : EDF EPIC + SHEM + CNR + Autres;Under operation EDF : EDF EPIC + SHEM + CNR + Others;France métropolitaine;Metropolitan France;Hydraulique;Hydraulic;18899.0;GWh;nette
1953;Exploitation EDF : EDF EPIC + Autres;Under operation EDF : EDF EPIC + Others;France métropolitaine;Metropolitan France;Thermique à flamme;Flame thermal;8577.0;GWh;nette
1952;Exploitation EDF : EDF EPIC + Autres;Under operation EDF : EDF EPIC + Others;France métropolitaine;Metropolitan France;Thermique à flamme;Flame thermal;7830.0;GWh;nette
1952;Exploitation EDF : EDF EPIC + SHEM + CNR + Autres;Under operation EDF : EDF EPIC + SHEM + CNR + Others;France métropolitaine;Metropolitan France;Hydraulique;Hydraulic;19690.0;GWh;nette
1951;Exploitation EDF : EDF EPIC + Autres;Under operation EDF : EDF EPIC + Others;France métropolitaine;Metropolitan France;Thermique à flamme;Flame thermal;7770.0;GWh;nette
1951;Exploitation EDF : EDF EPIC + SHEM + CNR + Autres;Under operation EDF : EDF EPIC + SHEM + CNR + Others;France métropolitaine;Metropolitan France;Hydraulique;Hydraulic;18516.0;GWh;nette
1950;Exploitation EDF : EDF EPIC + SHEM + CNR + Autres;Under operation EDF : EDF EPIC + SHEM + CNR + Others;France métropolitaine;Metropolitan France;Hydraulique;Hydraulic;14135.0;GWh;nette
1950;Exploitation EDF : EDF EPIC + Autres;Under operation EDF : EDF EPIC + Others;France métropolitaine;Metropolitan France;Thermique à flamme;Flame thermal;8557.0;GWh;nette
1949;Exploitation EDF : EDF EPIC + Autres;Under operation EDF : EDF EPIC + Others;France métropolitaine;Metropolitan France;Thermique à flamme;Flame thermal;10456.0;GWh;nette
1949;Exploitation EDF : EDF EPIC + SHEM + CNR + Autres;Under operation EDF : EDF EPIC + SHEM + CNR + Others;France métropolitaine;Metropolitan France;Hydraulique;Hydraulic;9663.0;GWh;nette
1948;Exploitation EDF : EDF EPIC + Autres;Under operation EDF : EDF EPIC + Others;France métropolitaine;Metropolitan France;Thermique à flamme;Flame thermal;7689.0;GWh;nette
1948;Exploitation EDF : EDF EPIC + SHEM + CNR + Autres;Under operation EDF : EDF EPIC + SHEM + CNR + Others;France métropolitaine;Metropolitan France;Hydraulique;Hydraulic;12845.0;GWh;nette
